Employee ID,Start Date,Employment Status,COBRA Start Date,COBRA Termination Date,First Name,Last Name,Social Security Number,Relationship,Email,Mobile Number,Date Of Birth,Gender,,Address Line 1,Address Line 2,City,State,State,Zip,Benefit Class,Division,Division,Medical Insurance Plan Name,Medical Group ID,Medical Plan Member ID,Medical Plan Effective Date,Medical Plan Termination Date,Dental Insurance Plan Name,Dental Group ID,Dental Plan Effective Date,Dental Plan Termination Date,Vision Insurance Plan Name,Vision Group ID,Vision Member ID,Vision Plan Effective Date,Vision Plan Termination Date
E001,2018-03-12,Active,,,James,,412-56-8290,Member,jporter@example.com,415-772-9088,1986-07-21,Male,,221 Market St,,San Francisco,CA,CA,94105,,,,BlueShield Gold,,MBR-548293,2018-03-15,,Delta Dental Premier,,2018-03-15,,VSP Choice,,,2018-03-15,
E001,,,,,Maya,Porter,522-88-1163,Spouse,maya.chen@example.com,617-444-2387,1990-01-14,Female,,84 Beacon St,Apt 3B,Boston,MA,MA,2108,,,,,,,,,,,,,,,,,
E003,2020-11-09,Terminated,2024-01-01,2024-06-30,Robert,Nguyen,389-45-6672,Member,robert.nguyen@example.com,503-766-1093,1982-03-19,Male,,116 NE Irving St,,Portland,OR,OR,97232,,,,UnitedHealthcare PPO,,389456672,2020-11-15,2023-12-31,Guardian Dental,,2020-11-15,2023-12-31,VSP Basic,,,2020-11-15,2023-12-31
E004,2021-02-20,Active,,,Priya,Sharma,601-55-2098,Member,priya.sharma@example.com,773-222-5076,1994-09-11,Female,,4230 N Lincoln Ave,,Chicago,IL,IL,60613,,,,BlueCross Silver,,601552098,2021-03-01,,Delta Dental Premier,,2021-03-01,,EyeMed Core,,,2021-03-01,
E005,2017-07-10,Active,,,Ethan,Wright,493-62-3091,Member,ethan.wright@example.com,720-889-1125,1988-02-28,Male,,915 Logan St,Apt 6,Denver,CO,CO,80203,,,,Kaiser HMO,,493623091,2017-07-15,,Cigna Dental Plus,,2017-07-15,,VSP Choice,,,2017-07-15,
E005,,,,,Alicia,Wright,377-48-9321,Child,alicia.martinez@example.com,210-667-3499,2005-04-23,Female,,1781 McCullough Ave,,San Antonio,TX,TX,78212,,,,,,,,,,,,,,,,,
E005,,,,,Logan,Wright,512-11-7852,Child,logan.davis@example.com,818-775-4401,9999-08-30,Male,,6425 Ventura Blvd,Unit 202,Los Angeles,CA,CA,91606,,,,,,,,,,,,,,,,,
E008,2015-05-17,Terminated,2023-02-01,2023-08-31,Sandra,Kim,521-23-7701,Member,sandra.kim@example.com,347-310-7281,1979-12-08,Female,,2540 Atlantic Ave,,Brooklyn,NY,NY,11207,,,,BlueCross Silver,,MBR-109823,2024-05-20,2023-01-31,Cigna Dental Basic,,2015-05-20,,VSP Core,,,2015-05-20,2023-01-31
E009,2023-03-11,Active,,,,Peterson,401-88-1290,Member,oliver.peterson@example.com,702-991-4228,1998-11-25,Male,,745 E Desert Inn Rd,,Las Vegas,NV,NV,89109,,,,Kaiser HMO,,MBR-784129,2023-03-15,,Delta Dental Premier,,2023-03-15,,EyeMed Advantage,,,2023-03-15,
E010,2020-04-25,Active,,,Naomi,Bennett,588-40-6511,Member,naomi.bennett@example.com,919-552-6140,1985-05-09,Female,,1331 Cameron St,,Raleigh,NC,NC,27605,,,,UnitedHealthcare PPO,,MBR-320114,2020-04-30,,Guardian Dental,,2030-04-30,2023-01-31,VSP Choice,,,2020-04-30,
E011,2016-09-19,Active,,,Marcus,Ellis,478-93-5502,Member,marcus.ellis@example.com,512-980-2240,1983-10-12,Male,,509 Congress Ave,,Austin,TX,TX,78701,,,,BlueShield Platinum,,MBR-232990,2016-09-25,,Cigna Dental Plus,,2016-09-25,,VSP Advantage,,478935502,2016-09-25,
E012,2021-06-14,Active,,,Hannah,Lopez,601-23-7714,Member,hannah.lopez@example.com,480-540-8822,1993-07-08,Female,,1900 W University Dr,Apt 45,Tempe,AZ,AZ,85281,,,,Kaiser HMO,,MBR-438233,2021-06-20,,Delta Dental Premier,,2021-06-20,,EyeMed Advantage,,601237714,2021-06-20,
E013,,,,,Jacob,Lopez,590-12-9932,Spouse,jacob.reed@example.com,702-312-7764,1989-05-18,Male,,3200 Paradise Rd,,Las Vegas,NV,NV,89109,,,,,,,,,,,,,,,,,
E014,2020-02-27,Active,,,Sofia,Garcia,403-90-6621,Member,sofia.garcia@example.com,305-844-9031,1995-09-22,Female,,940 Brickell Ave,,Miami,FL,FL,33131,,,,BlueCross Silver,,MBR-992003,2020-03-01,,Delta Dental Premier,,2020-03-01,,VSP Choice,,,2020-03-01,
E014,,,,,William,Garcia,479-38-1257,Spouse,william.turner@example.com,206-778-3445,1984-06-05,Male,,905 Pine St,,Seattle,WA,WA,98101,,,,,,,,,,,,,,,,,
E014,,,,,Emily,Garcia,601-51-2214,Child,emily.foster@example.com,615-430-9991,2030-03-13,Female,,512 Broadway,,Nashville,TN,TN,37203,,,,,,,,,,,,,,,,,
E014,,,,,Liam,Garcia,493-21-9050,Child,liam.green@example.com,414-332-8891,2000-10-09,Male,,440 E Wisconsin Ave,,Milwaukee,WI,WI,53202,,,,,,,,,,,,,,,,,
,2023-04-03,Active,,,Ava,Morgan,522-77-1310,Member,ava.morgan@example.com,516-555-3112,1999-07-16,Female,,80 Northern Blvd,,Great Neck,NY,NY,11021,,,,Kaiser HMO,,MBR-550928,2023-04-07,,Cigna Dental Plus,,2023-04-07,,EyeMed Advantage,,,2023-04-07,
E019,2017-10-23,Terminated,2023-05-01,2023-11-01,Noah,Stevens,401-11-9302,Member,noah.stevens@example.com,925-770-2083,1981-02-10,Male,,1224 Main St,,Walnut Creek,CA,CA,94596,,,,BlueCross Silver,,MBR-771331,2025-11-01,2023-04-30,Guardian Dental,,2017-11-01,2023-04-30,VSP Basic,,,2017-11-01,2023-04-30
E020,2022-05-16,Active,,,Zoe,Hamilton,522-43-1199,Member,zoe.hamilton@example.com,904-441-2340,1994-05-02,Female,,113 King St,,St Augustine,FL,FL,32084,,,,Kaiser HMO,,MBR-409211,2022-05-20,,Delta Dental Premier,,2022-05-20,,EyeMed Core,,,2022-05-20,
E020,,,,,Isabella,Hamilton,598-42-3004,Spouse,isabella.scott@example.com,312-644-8890,1987-01-19,Female,,15 E Ohio St,,Chicago,IL,IL,60611,,,,,,,,,,,,,,,,,
E022,2018-01-22,Active,,,Alexander,Hall,477-19-5520,Member,alex.hall@example.com,925-821-9944,1985-08-25,Male,,2900 Camino Ramon,,San Ramon,CA,CA,94583,,,,BlueShield Gold,,MBR-338230,2018-01-26,,Delta Dental Premier,,2018-01-26,,EyeMed Advantage,,,2018-01-26,
E022,,,,,Ella,Hall,600-31-2208,Spouse,ella.brooks@example.com,303-908-5530,1993-11-05,Female,,700 17th St,,Denver,CO,CO,80202,,,,,,,,,,,,,,,,,